"BROKEN","EPIC","FAILED","FEATURE","PASSED","SKIPPED","STORY","UNKNOWN"
"0","","0","","29","0","","0"
"0","","0","Miner Scoring","1","0","Ensure Registration Bonus","0"
"0","","0","GPU Performance Scoring","1","0","Exception Handling in Score Calculation","0"
"0","","0","Miner Scoring","1","0","Handle Missing CPU Data","0"
"0","","0","GPU Performance Scoring","1","0","Empty GPU Score Configuration","0"
"0","","0","VRAM Estimation","1","0","Estimate VRAM Size for FP16","0"
"0","","0","GPU Performance Scoring","1","0","Hotkey Allocation Multiplier","0"
"0","","0","GPU Performance Scoring","1","0","Unknown GPU Handling","0"
"0","","0","GPU Information","1","0","Handle No GPU Case","0"
"0","","0","Miner Scoring","1","0","Handle Maximum Values","0"
"0","","0","Compute Pipeline","1","0","Handle No GPU Case","0"
"0","","0","VRAM Estimation","1","0","Estimate VRAM Size for FP32","0"
"0","","0","Miner Scoring","1","0","","0"
"0","","0","GPU Performance Scoring","1","0","Valid GPU Score Calculation","0"
"0","","0","GPU Performance Scoring","1","0","Handling Maximum GPU Limit","0"
"0","","0","GPU Information","1","0","Detect Available GPUs","0"
"0","","0","Miner Scoring","1","0","Calculate Score for Valid Hardware","0"
